id,name,model_id:id,group_id:id,perm_read,perm_write,perm_create,perm_unlink

access_lms_ir_logging_plan_armada,access_lms_ir_loging_plan_armada,base.model_ir_logging,jst_lms_group.group_logistic_lms_plan_armada,1,1,1,0

access_lms_sale_order_spv,access_lms_sale_order_spv,jst_integration_bju_lms.model_sale_order,jst_lms_group.group_logistic_lms_spv,0,0,0,0
access_lms_sale_order_cashier,access_lms_sale_order_cashier,jst_integration_bju_lms.model_sale_order,jst_lms_group.group_logistic_lms_cashier,1,0,0,0
access_lms_sale_order_adh,access_lms_sale_order_adh,jst_integration_bju_lms.model_sale_order,jst_lms_group.group_logistic_lms_adh,1,1,0,0
access_lms_sale_order_kacab,access_lms_sale_order_kacab,jst_integration_bju_lms.model_sale_order,jst_lms_group.group_logistic_lms_kacab,1,0,0,0
access_lms_sale_order_marketing,access_lms_sale_order_marketing,jst_integration_bju_lms.model_sale_order,jst_lms_group.group_logistic_lms_marketing,1,1,1,1
access_lms_sale_order_plan_armada,access_lms_sale_order_plan_armada,jst_integration_bju_lms.model_sale_order,jst_lms_group.group_logistic_lms_plan_armada,1,0,0,0
access_lms_sale_order_doc_delivery,access_lms_sale_order_doc_delivery,jst_integration_bju_lms.model_sale_order,jst_lms_group.group_logistic_lms_doc_delivery,1,0,0,0

access_lms_purchase_order_spv,access_lms_purchase_order_spv,jst_demo_kalla_bju_transporter.model_purchase_order,jst_lms_group.group_logistic_lms_spv,1,1,1,0
access_lms_purchase_order_plan_armada,access_lms_purchase_order_plan_armada,jst_demo_kalla_bju_transporter.model_purchase_order,jst_lms_group.group_logistic_lms_plan_armada,1,1,1,1
access_lms_purchase_order_plan_adh,access_lms_purchase_order_adh,jst_demo_kalla_bju_transporter.model_purchase_order,jst_lms_group.group_logistic_lms_adh,1,1,0,0
access_lms_purchase_order_plan_kacab,access_lms_purchase_order_kacab,jst_demo_kalla_bju_transporter.model_purchase_order,jst_lms_group.group_logistic_lms_kacab,1,1,0,0
access_lms_purchase_order_plan_cashier,access_lms_purchase_order_cashier,jst_demo_kalla_bju_transporter.model_purchase_order,jst_lms_group.group_logistic_lms_cashier,1,1,0,0
access_lms_purchase_order_doc_delivery,access_lms_purchase_order_doc_delivery,jst_demo_kalla_bju_transporter.model_purchase_order,jst_lms_group.group_logistic_lms_doc_delivery,1,0,0,0


access_lms_purchase_order_line_spv,access_lms_purchase_order_line_spv,stock_dropshipping.model_purchase_order_line,jst_lms_group.group_logistic_lms_spv,1,1,1,0
access_lms_purchase_order_line_plan_armada,access_lms_purchase_order_line_plan_armada,stock_dropshipping.model_purchase_order_line,jst_lms_group.group_logistic_lms_plan_armada,1,1,1,1
access_lms_purchase_order_line_adh,access_lms_purchase_order_line_adh,stock_dropshipping.model_purchase_order_line,jst_lms_group.group_logistic_lms_adh,1,1,0,0
access_lms_purchase_order_line_kacab,access_lms_purchase_order_line_kacab,stock_dropshipping.model_purchase_order_line,jst_lms_group.group_logistic_lms_kacab,1,1,0,0
access_lms_purchase_order_line_cashier,access_lms_purchase_order_line_cashier,stock_dropshipping.model_purchase_order_line,jst_lms_group.group_logistic_lms_cashier,1,1,0,0
access_lms_purchase_order_line_doc_delivery,access_lms_purchase_order_line_doc_delivery,stock_dropshipping.model_purchase_order_line,jst_lms_group.group_logistic_lms_doc_delivery,1,0,0,0


access_lms_purchase_report_spv,access_lms_purchase_report_spv,purchase_stock.model_purchase_report,jst_lms_group.group_logistic_lms_spv,1,1,1,0
access_lms_purchase_report_plan_armada,access_lms_purchase_report_plan_armada,purchase_stock.model_purchase_report,jst_lms_group.group_logistic_lms_plan_armada,1,1,1,1
access_lms_purchase_report_plan_adh,access_lms_purchase_report_adh,purchase_stock.model_purchase_report,jst_lms_group.group_logistic_lms_adh,1,1,0,0
access_lms_purchase_report_plan_kacab,access_lms_purchase_report_kacab,purchase_stock.model_purchase_report,jst_lms_group.group_logistic_lms_kacab,1,1,0,0
access_lms_purchase_report_plan_cashier,access_lms_purchase_report_cashier,purchase_stock.model_purchase_report,jst_lms_group.group_logistic_lms_cashier,1,1,0,0


access_lms_purchase_bill_union_spv,access_lms_purchase_bill_union_spv,purchase.model_purchase_bill_union,jst_lms_group.group_logistic_lms_spv,1,1,1,0
access_lms_purchase_bill_union_plan_armada,access_lms_purchase_bill_union_plan_armada,purchase.model_purchase_bill_union,jst_lms_group.group_logistic_lms_plan_armada,1,1,1,1
access_lms_purchase_bill_union_plan_adh,access_lms_purchase_bill_union_adh,purchase.model_purchase_bill_union,jst_lms_group.group_logistic_lms_adh,1,1,0,0
access_lms_purchase_bill_union_plan_kacab,access_lms_purchase_bill_union_kacab,purchase.model_purchase_bill_union,jst_lms_group.group_logistic_lms_kacab,1,1,0,0
access_lms_purchase_bill_union_plan_cashier,access_lms_purchase_bill_union_cashier,purchase.model_purchase_bill_union,jst_lms_group.group_logistic_lms_cashier,1,1,0,0



access_lms_sale_order_line_spv,access_lms_sale_order_line_spv,jst_demo_kalla_bju_transporter.model_sale_order_line,jst_lms_group.group_logistic_lms_spv,1,1,0,0
access_lms_sale_order_line_cashier,access.sale.order.line.cashier,jst_demo_kalla_bju_transporter.model_sale_order_line,jst_lms_group.group_logistic_lms_cashier,1,1,0,0
access_lms_sale_order_line_adh,access.sale.order.line.adh,jst_demo_kalla_bju_transporter.model_sale_order_line,jst_lms_group.group_logistic_lms_adh,1,1,0,0
access_lms_sale_order_line_kacab,access.sale.order.line.kacab,jst_demo_kalla_bju_transporter.model_sale_order_line,jst_lms_group.group_logistic_lms_kacab,1,1,0,0
access_lms_sale_order_line_marketing,access.sale.order.line.marketing,jst_demo_kalla_bju_transporter.model_sale_order_line,jst_lms_group.group_logistic_lms_marketing,1,1,1,1
access_lms_sale_order_line_plan_armada,access.sale.order.line.plan_armada,jst_demo_kalla_bju_transporter.model_sale_order_line,jst_lms_group.group_logistic_lms_plan_armada,1,0,0,0
access_lms_sale_order_line_doc_delivery,access.sale.order.line.doc_delivery,jst_demo_kalla_bju_transporter.model_sale_order_line,jst_lms_group.group_logistic_lms_doc_delivery,1,0,0,0

access_lms_sale_order_option_spv,access.lms.sale.order.option.spv,jst_demo_kalla_bju_transporter.model_sale_order_option,jst_lms_group.group_logistic_lms_spv,1,0,0,0
access_lms_sale_order_option_cashier,access.lms.sale.order.option.cashier,jst_demo_kalla_bju_transporter.model_sale_order_option,jst_lms_group.group_logistic_lms_cashier,1,0,0,0
access_lms_sale_order_option_adh,access.lms.sale.order.option.adh,jst_demo_kalla_bju_transporter.model_sale_order_option,jst_lms_group.group_logistic_lms_adh,1,0,0,0
access_lms_sale_order_option_kacab,access.lms.sale.order.option.kacab,jst_demo_kalla_bju_transporter.model_sale_order_option,jst_lms_group.group_logistic_lms_kacab,1,0,0,0
access_lms_sale_order_option_doc_delivery,access.lms.sale.order.option.doc_delivery,jst_demo_kalla_bju_transporter.model_sale_order_option,jst_lms_group.group_logistic_lms_doc_delivery,1,0,0,0


access_lms_account_move_line_spv,access.lms.account.move.line.spv,l10n_id_efaktur_coretax.model_account_move_line,jst_lms_group.group_logistic_lms_spv,1,0,0,0
access_lms_account_move_line_adh,access.lms.account.move.line.adh,l10n_id_efaktur_coretax.model_account_move_line,jst_lms_group.group_logistic_lms_adh,1,0,0,0
access_lms_account_move_spv,access.lms.account.move.spv,jst_custom_journal_items.model_account_move,jst_lms_group.group_logistic_lms_spv,1,0,0,0
access_lms_account_move_adh,access.lms.account.move.adh,jst_custom_journal_items.model_account_move,jst_lms_group.group_logistic_lms_adh,1,0,0,0
access_lms_account_move_cashier,access.lms.account.move.cashier,jst_custom_journal_items.model_account_move,jst_lms_group.group_logistic_lms_cashier,1,0,0,0

access_lms_stock_picking_spv,access.lms.stock.picking.spv,stock_dropshipping.model_stock_picking,jst_lms_group.group_logistic_lms_spv,1,0,0,0
access_lms_stock_picking_spv,access.lms.stock.picking.spv,stock_dropshipping.model_stock_picking,jst_lms_group.group_logistic_lms_spv,1,0,0,0
access_lms_stock_picking_adh,access.lms.stock_picking.adh,stock_dropshipping.model_stock_picking,jst_lms_group.group_logistic_lms_adh,1,0,0,0
access_lms_stock_picking_plan_armada,access.lms.stock_picking.plan_armada,stock_dropshipping.model_stock_picking,jst_lms_group.group_logistic_lms_plan_armada,1,0,0,0
access_lms_stock_picking_revenue_control,access.lms.stock_picking.revenue_control,stock_dropshipping.model_stock_picking,jst_lms_group.group_logistic_lms_revenue_control,1,0,0,0
access_lms_stock_picking_doc_delivery,access.lms.stock_picking.doc_delivery,stock_dropshipping.model_stock_picking,jst_lms_group.group_logistic_lms_doc_delivery,1,0,0,0


access_lms_stock_move_spv,access.lms.stock.move.spv,vit_dotmatrix.model_stock_move,jst_lms_group.group_logistic_lms_spv,1,0,0,0
access_lms_stock_move_adh,access.lms.stock_move.adh,vit_dotmatrix.model_stock_move,jst_lms_group.group_logistic_lms_adh,1,0,0,0
access_lms_res_lang_spv,access.lms.res.lang.spv,spreadsheet.model_res_lang,jst_lms_group.group_logistic_lms_spv,1,0,0,0
access_lms_res_lang_adh,access.lms.res_lang.adh,spreadsheet.model_res_lang,jst_lms_group.group_logistic_lms_adh,1,0,0,0
access_lms_res_lang_cashier,access.lms.res.lang.cashier,spreadsheet.model_res_lang,jst_lms_group.group_logistic_lms_cashier,1,0,0,0
access_lms_res_lang_revenue_control,access.lms_res_lang_revenue_control,spreadsheet.model_res_lang,jst_lms_group.group_logistic_lms_revenue_control,1,0,0,0
access_lms_res_currency_adh,access_lms_res_currency.adh,account.model_res_currency,jst_lms_group.group_logistic_lms_adh,1,0,0,0
access_lms_res_currency_cashier,access_lms_res_currency.cashier,account.model_res_currency,jst_lms_group.group_logistic_lms_cashier,1,0,0,0
access_lms_res_currency_revenue_control,access_lms_res_currency_revenue_control,account.model_res_currency,jst_lms_group.group_logistic_lms_revenue_control,1,0,0,0

access_lms_res_partner_adh,access_lms_res_partner_adh,jst_integration_bju_lms.model_res_partner,jst_lms_group.group_logistic_lms_adh,1,1,0,0
access_lms_res_partner_kacab,access_lms_res_partner_kacab,jst_integration_bju_lms.model_res_partner,jst_lms_group.group_logistic_lms_kacab,1,1,0,0
access_lms_res_partner_cashier,access_lms_res_partner_cashier,jst_integration_bju_lms.model_res_partner,jst_lms_group.group_logistic_lms_cashier,1,1,0,0
access_lms_res_partner_revenue_control,access_lms_res_partner_revenue_control,jst_integration_bju_lms.model_res_partner,jst_lms_group.group_logistic_lms_revenue_control,1,0,0,0
access_lms_res_partner_doc_delivery,access_lms_res_partner_doc_delivery,jst_integration_bju_lms.model_res_partner,jst_lms_group.group_logistic_lms_doc_delivery,1,0,0,0
access_lms_res_partner_spv,access_lms_res_partner_spv,jst_integration_bju_lms.model_res_partner,jst_lms_group.group_logistic_lms_spv,1,1,0,0


access_lms_res_users_adh,access_lms_res_users_adh,hr_expense.model_res_users,jst_lms_group.group_logistic_lms_adh,1,0,0,0
access_lms_res_users_cashier,access_lms_res_users_cashier,hr_expense.model_res_users,jst_lms_group.group_logistic_lms_cashier,1,0,0,0
access_lms_res_users_revenue_control,access_lms_res_users_revenue_control,hr_expense.model_res_users,jst_lms_group.group_logistic_lms_revenue_control,1,0,0,0



access_lms_fleet_do_plan_armada,access_lms_fleet_do_plan_armada,jst_demo_kalla_bju_transporter.model_fleet_do,jst_lms_group.group_logistic_lms_plan_armada,1,1,1,1
access_lms_fleet_do_line_plan_armada,access_lms_fleet_do_line_plan_armada,jst_demo_kalla_bju_transporter.model_fleet_do_line,jst_lms_group.group_logistic_lms_plan_armada,1,1,1,1
access_lms_fleet_do_marketing,access_lms_fleet_do_marketing,jst_demo_kalla_bju_transporter.model_fleet_do,jst_lms_group.group_logistic_lms_marketing,1,1,1,1
access_lms_fleet_do_line_marketing,access_lms_fleet_do_line_marketing,jst_demo_kalla_bju_transporter.model_fleet_do_line,jst_lms_group.group_logistic_lms_marketing,1,1,1,1
access_lms_fleet_do_adh,access_lms_fleet_do_adh,jst_demo_kalla_bju_transporter.model_fleet_do,jst_lms_group.group_logistic_lms_adh,1,1,0,0
access_lms_fleet_do_line_adh,access_lms_fleet_do_line_adh,jst_demo_kalla_bju_transporter.model_fleet_do_line,jst_lms_group.group_logistic_lms_adh,1,1,0,0
access_lms_fleet_do_spv,access_lms_fleet_do_spv,jst_demo_kalla_bju_transporter.model_fleet_do,jst_lms_group.group_logistic_lms_spv,1,1,0,1
access_lms_fleet_do_line_spv,access_lms_fleet_do_line_spv,jst_demo_kalla_bju_transporter.model_fleet_do_line,jst_lms_group.group_logistic_lms_spv,1,1,0,1
access_lms_fleet_do_cashier,access_lms_fleet_do_cashier,jst_demo_kalla_bju_transporter.model_fleet_do,jst_lms_group.group_logistic_lms_cashier,1,1,0,0
access_lms_fleet_do_line_cashier,access_lms_fleet_do_line_cashier,jst_demo_kalla_bju_transporter.model_fleet_do_line,jst_lms_group.group_logistic_lms_cashier,1,1,0,0
access_lms_fleet_do_doc_delivery,access_lms_fleet_do_doc_delivery,jst_demo_kalla_bju_transporter.model_fleet_do,jst_lms_group.group_logistic_lms_doc_delivery,1,1,0,0
access_lms_fleet_do_line_doc_delivery,access_lms_fleet_do_doc_delivery,jst_demo_kalla_bju_transporter.model_fleet_do_line,jst_lms_group.group_logistic_lms_doc_delivery,1,0,0,0
access_lms_fleet_do_revenue_control,access_lms_fleet_do_revenue_control,jst_demo_kalla_bju_transporter.model_fleet_do,jst_lms_group.group_logistic_lms_revenue_control,1,1,0,0
access_lms_fleet_do_line_revenue_control,access_lms_fleet_do_line_revenue_control,jst_demo_kalla_bju_transporter.model_fleet_do_line,jst_lms_group.group_logistic_lms_revenue_control,1,0,0,0
access_lms_fleet_do_kacab,access_lms_fleet_do_kacab,jst_demo_kalla_bju_transporter.model_fleet_do,jst_lms_group.group_logistic_lms_kacab,1,1,0,0
access_lms_fleet_do_line_kacab,access_lms_fleet_do_line_kacab,jst_demo_kalla_bju_transporter.model_fleet_do_line,jst_lms_group.group_logistic_lms_kacab,1,0,0,0

access_lms_create_contract_marketing,access_lms_create_contract_marketing,jst_demo_kalla_bju_transporter.model_create_contract,jst_lms_group.group_logistic_lms_marketing,1,1,1,1
access_lms_create_contract_line_marketing,access_lms_create_contract_line_marketing,jst_demo_kalla_bju_transporter.model_create_contract_line,jst_lms_group.group_logistic_lms_marketing,1,1,1,1
access_lms_create_contract_plan_armada,access_lms_create_contract_plan_armada,jst_demo_kalla_bju_transporter.model_create_contract,jst_lms_group.group_logistic_lms_plan_armada,1,0,0,0
access_lms_create_contract_line_plan_armada,access_lms_create_contract_line_plan_armada,jst_demo_kalla_bju_transporter.model_create_contract_line,jst_lms_group.group_logistic_lms_plan_armada,1,0,0,0
access_lms_create_contract_revenue_control,access_lms_create_contract_revenue_control,jst_demo_kalla_bju_transporter.model_create_contract,jst_lms_group.group_logistic_lms_revenue_control,1,0,0,0
access_lms_create_contract_line_revenue_control,access_lms_create_contract_line_revenue_control,jst_demo_kalla_bju_transporter.model_create_contract_line,jst_lms_group.group_logistic_lms_revenue_control,1,0,0,0
access_lms_create_contract_adh,access_lms_create_contract_adh,jst_demo_kalla_bju_transporter.model_create_contract,jst_lms_group.group_logistic_lms_adh,1,1,0,0
access_lms_create_contract_line_adh,access_lms_create_contract_line_adh,jst_demo_kalla_bju_transporter.model_create_contract_line,jst_lms_group.group_logistic_lms_adh,1,1,0,0
access_lms_create_contract_kacab,access_lms_create_contract_kacab,jst_demo_kalla_bju_transporter.model_create_contract,jst_lms_group.group_logistic_lms_kacab,1,1,0,0
access_lms_create_contract_line_kacab,access_lms_create_contract_line_kacab,jst_demo_kalla_bju_transporter.model_create_contract_line,jst_lms_group.group_logistic_lms_kacab,1,1,0,0

access_lms_product_customer_marketing,access_lms_product_customer_marketing,jst_demo_kalla_bju_transporter.model_product_customer,jst_lms_group.group_logistic_lms_marketing,1,1,1,1
access_lms_product_customer_plan_armada,access_lms_product_customer_plan_armada,jst_demo_kalla_bju_transporter.model_product_customer,jst_lms_group.group_logistic_lms_plan_armada,1,0,0,0
access_lms_product_customer_revenue_control,access_lms_product_customer_revenue_control,jst_demo_kalla_bju_transporter.model_product_customer,jst_lms_group.group_logistic_lms_revenue_control,1,0,0,0
access_lms_product_customer_adh,access_lms_product_customer_adh,jst_demo_kalla_bju_transporter.model_product_customer,jst_lms_group.group_logistic_lms_adh,1,1,0,0
access_lms_product_customer_kacab,access_lms_product_customer_kacab,jst_demo_kalla_bju_transporter.model_product_customer,jst_lms_group.group_logistic_lms_kacab,1,1,0,0

access_lms_delivery_category_marketing,access_lms_delivery_category_marketing,jst_demo_kalla_bju_transporter.model_delivery_category,jst_lms_group.group_logistic_lms_marketing,1,1,1,1
access_lms_delivery_category_plan_armada,access_lms_delivery_category_plan_armada,jst_demo_kalla_bju_transporter.model_delivery_category,jst_lms_group.group_logistic_lms_spv,1,1,1,1
access_lms_delivery_category_spv,access_lms_delivery_category_spv,jst_demo_kalla_bju_transporter.model_delivery_category,jst_lms_group.group_logistic_lms_plan_armada,1,1,1,0
access_lms_delivery_category_adh,access_lms_delivery_category_adh,jst_demo_kalla_bju_transporter.model_delivery_category,jst_lms_group.group_logistic_lms_adh,1,1,0,0
access_lms_delivery_category_kacab,access_lms_delivery_category_kacab,jst_demo_kalla_bju_transporter.model_delivery_category,jst_lms_group.group_logistic_lms_kacab,1,1,0,0
access_lms_delivery_category_doc_delivery,access_lms_delivery_category_doc_delivery,jst_demo_kalla_bju_transporter.model_delivery_category,jst_lms_group.group_logistic_lms_doc_delivery,1,0,0,0


access_lms_dayofweek_marketing,access_lms_dayofweek_marketing,jst_demo_kalla_bju_transporter.model_dayofweek,jst_lms_group.group_logistic_lms_marketing,1,0,0,0
access_lms_dayofweek_plan_armada,access_lms_dayofweek_plan_armada,jst_demo_kalla_bju_transporter.model_dayofweek,jst_lms_group.group_logistic_lms_plan_armada,1,0,1,0
access_lms_dayofweek_spv,access_lms_dayofweek_spv,jst_demo_kalla_bju_transporter.model_dayofweek,jst_lms_group.group_logistic_lms_spv,1,1,1,1
access_lms_dayofweek_adh,access_lms_dayofweek_adh,jst_demo_kalla_bju_transporter.model_dayofweek,jst_lms_group.group_logistic_lms_adh,1,1,0,0
access_lms_dayofweek_kacab,access_lms_dayofweek_kacab,jst_demo_kalla_bju_transporter.model_dayofweek,jst_lms_group.group_logistic_lms_kacab,1,1,0,0
access_lms_dayofweek_revenue_control,access_lms_dayofweek_revenue_control,jst_demo_kalla_bju_transporter.model_dayofweek,jst_lms_group.group_logistic_lms_revenue_control,1,1,0,0

access_lms_bop_line_cashier,access_lms_bop_line_cashier,jst_demo_kalla_bju_transporter.model_bop_line,jst_lms_group.group_logistic_lms_cashier,1,1,1,1
access_lms_bop_line_revenue_control,access_lms_bop_line_revenue_control,jst_demo_kalla_bju_transporter.model_bop_line,jst_lms_group.group_logistic_lms_revenue_control,0,0,1,0
access_lms_bop_line_adh,access_lms_bop_line_adh,jst_demo_kalla_bju_transporter.model_bop_line,jst_lms_group.group_logistic_lms_adh,1,1,0,1
access_lms_bop_line_kacab,access_lms_bop_line_kacab,jst_demo_kalla_bju_transporter.model_bop_line,jst_lms_group.group_logistic_lms_kacab,1,1,0,0

access_lms_mcm_driver_plan_armada,access_lms_mcm_driver_plan_armada,jst_demo_kalla_bju_transporter.model_mcm_driver,jst_lms_group.group_logistic_lms_plan_armada,1,1,1,1
access_lms_mcm_driver_cashier,access_lms_mcm_driver_cashier,jst_demo_kalla_bju_transporter.model_mcm_driver,jst_lms_group.group_logistic_lms_cashier,1,1,1,1
access_lms_mcm_driver_revenue_control,access_lms_mcm_driver_revenue_control,jst_demo_kalla_bju_transporter.model_mcm_driver,jst_lms_group.group_logistic_lms_revenue_control,1,1,1,1
access_lms_mcm_driver_adh,access_lms_mcm_driver_adh,jst_demo_kalla_bju_transporter.model_mcm_driver,jst_lms_group.group_logistic_lms_revenue_control,1,1,1,1
access_lms_mcm_driver_doc_delivery,access_lms_mcm_driver_doc_delivery,jst_demo_kalla_bju_transporter.model_mcm_driver,jst_lms_group.group_logistic_lms_doc_delivery,1,1,1,1


access_lms_account_move_line_doc_delivery,access_lms_account_move_line_doc_delivery,jst_custom_journal_items.model_account_move_line,jst_lms_group.group_logistic_lms_doc_delivery,1,0,0,0
access_lms_account_move_line_doc_cashier,access_lms_account_move_line_doc_cashier,jst_custom_journal_items.model_account_move_line,jst_lms_group.group_logistic_lms_cashier,1,0,0,0
access_lms_account_move_line_doc_kacab,access_lms_account_move_line_doc_kacab,jst_custom_journal_items.model_account_move_line,jst_lms_group.group_logistic_lms_kacab,1,0,0,0
access_lms_account_move_line_doc_adh,access_lms_account_move_line_doc_adh,jst_custom_journal_items.model_account_move_line,jst_lms_group.group_logistic_lms_adh,1,0,0,0
access_lms_account_move_line_doc_revenue_control,access_lms_account_move_line_doc_revenue_control,jst_custom_journal_items.model_account_move_line,jst_lms_group.group_logistic_lms_revenue_control,1,0,0,0


access_lms_fleet_vehicle_log_services_adh,access_lms_fleet_vehicle_log_services_adh,jst_demo_kalla_bju_transporter.model_fleet_vehicle_log_services,jst_lms_group.group_logistic_lms_adh,1,0,0,0
access_lms_fleet_vehicle_adh,access_lms_fleet_vehicle_adh,jst_demo_kalla_bju_transporter.model_fleet_vehicle,jst_lms_group.group_logistic_lms_adh,1,0,0,0
access_lms_fleet_vehicle_cashier,access_lms_fleet_vehicle_cashier,jst_demo_kalla_bju_transporter.model_fleet_vehicle,jst_lms_group.group_logistic_lms_cashier,1,0,0,0
access_lms_fleet_vehicle_spv,access_lms_fleet_vehicle_spv,jst_demo_kalla_bju_transporter.model_fleet_vehicle,jst_lms_group.group_logistic_lms_spv,1,1,0,1
access_lms_fleet_vehicle_marketing,access_lms_fleet_vehicle_marketing,jst_demo_kalla_bju_transporter.model_fleet_vehicle,jst_lms_group.group_logistic_lms_marketing,1,0,0,0
access_lms_fleet_vehicle_plan_armada,access_lms_fleet_vehicle_plan_armada,jst_demo_kalla_bju_transporter.model_fleet_vehicle,jst_lms_group.group_logistic_lms_plan_armada,1,1,1,1
access_lms_fleet_vehicle_doc_delivery,access_lms_fleet_vehicle_doc_delivery,jst_demo_kalla_bju_transporter.model_fleet_vehicle,jst_lms_group.group_logistic_lms_doc_delivery,1,0,0,0

access_lms_fleet_vehicle_log_contract_cashier,access_lms_fleet_vehicle_log_contract_cashier,hr_fleet.model_fleet_vehicle_log_contract,jst_lms_group.group_logistic_lms_cashier,1,0,0,0
access_lms_fleet_vehicle_log_contract_adh,access_lms_fleet_vehicle_log_contract_adh,hr_fleet.model_fleet_vehicle_log_contract,jst_lms_group.group_logistic_lms_adh,1,0,0,0
access_lms_fleet_vehicle_log_contract_kacab,access_lms_fleet_vehicle_log_contract_kacab,hr_fleet.model_fleet_vehicle_log_contract,jst_lms_group.group_logistic_lms_kacab,1,0,0,0
access_lms_fleet_vehicle_log_contract_spv,access_lms_fleet_vehicle_log_contract_spv,hr_fleet.model_fleet_vehicle_log_contract,jst_lms_group.group_logistic_lms_spv,1,1,1,0
access_lms_fleet_vehicle_log_contract_plan_armada,access_lms_fleet_vehicle_log_contract_plan_armada,hr_fleet.model_fleet_vehicle_log_contract,jst_lms_group.group_logistic_lms_plan_armada,1,1,1,1
access_lms_fleet_vehicle_log_contract_doc_delivery,access_lms_fleet_vehicle_log_contract_doc_delivery,hr_fleet.model_fleet_vehicle_log_contract,jst_lms_group.group_logistic_lms_doc_delivery,1,0,0,0

access_lms_fleet_expenses_rate_cashier,access_lms_fleet_expenses_rate_cashier,account_disallowed_expenses_fleet.model_fleet_disallowed_expenses_rate,jst_lms_group.group_logistic_lms_cashier,1,0,0,0
access_lms_fleet_expenses_rate_adh,access_lms_fleet_expenses_rate_adh,account_disallowed_expenses_fleet.model_fleet_disallowed_expenses_rate,jst_lms_group.group_logistic_lms_adh,1,0,0,0
access_lms_fleet_expenses_rate_kacab,access_lms_fleet_expenses_rate_kacab,account_disallowed_expenses_fleet.model_fleet_disallowed_expenses_rate,jst_lms_group.group_logistic_lms_kacab,1,0,0,0
access_lms_fleet_expenses_rate_spv,access_lms_fleet_expenses_rate_spv,account_disallowed_expenses_fleet.model_fleet_disallowed_expenses_rate,jst_lms_group.group_logistic_lms_spv,1,0,0,0
access_lms_fleet_expenses_rate_plan_armada,access_lms_fleet_expenses_rate_plan_armada,account_disallowed_expenses_fleet.model_fleet_disallowed_expenses_rate,jst_lms_group.group_logistic_lms_plan_armada,1,0,0,0
access_lms_fleet_expenses_rate_doc_delivery,access_lms_fleet_expenses_rate_doc_delivery,account_disallowed_expenses_fleet.model_fleet_disallowed_expenses_rate,jst_lms_group.group_logistic_lms_doc_delivery,1,0,0,0



access_lms_fleet_vehicle_model_category_adh,access_lms_fleet_vehicle_model_category_adh,jst_demo_kalla_bju_transporter.model_fleet_vehicle_model_category,jst_lms_group.group_logistic_lms_adh,1,0,0,0
access_lms_fleet_vehicle_model_category_marketing,access_lms_fleet_vehicle_model_category_marketing,jst_demo_kalla_bju_transporter.model_fleet_vehicle_model_category,jst_lms_group.group_logistic_lms_marketing,1,0,0,0
access_lms_fleet_vehicle_model_category_spv,access_lms_fleet_vehicle_model_category_spv,jst_demo_kalla_bju_transporter.model_fleet_vehicle_model_category,jst_lms_group.group_logistic_lms_spv,1,0,0,0
access_lms_fleet_vehicle_model_category_cashier,access_lms_fleet_vehicle_model_category_cashier,jst_demo_kalla_bju_transporter.model_fleet_vehicle_model_category,jst_lms_group.group_logistic_lms_cashier,1,0,0,0
access_lms_fleet_vehicle_model_category_revenue_control,access_lms_fleet_vehicle_model_category_revenue_control,jst_demo_kalla_bju_transporter.model_fleet_vehicle_model_category,jst_lms_group.group_logistic_lms_revenue_control,1,0,0,0
access_lms_fleet_vehicle_model_category_kacab,access_lms_fleet_vehicle_model_category_kacab,jst_demo_kalla_bju_transporter.model_fleet_vehicle_model_category,jst_lms_group.group_logistic_lms_kacab,1,0,0,0
access_lms_fleet_vehicle_model_category_plan_armada,access_lms_fleet_vehicle_model_category_plan_armada,jst_demo_kalla_bju_transporter.model_fleet_vehicle_model_category,jst_lms_group.group_logistic_lms_plan_armada,1,1,1,1
access_lms_fleet_vehicle_model_category_doc_delivery,access_lms_fleet_vehicle_model_category_doc_delivery,jst_demo_kalla_bju_transporter.model_fleet_vehicle_model_category,jst_lms_group.group_logistic_lms_doc_delivery,1,0,0,0

access_lms_fleet_vehicle_model_brand_adh,access_lms_fleet_vehicle_model_brand_adh,fleet.model_fleet_vehicle_model_brand,jst_lms_group.group_logistic_lms_adh,1,0,0,0
access_lms_fleet_vehicle_model_brand_spv,access_lms_fleet_vehicle_model_brand_spv,fleet.model_fleet_vehicle_model_brand,jst_lms_group.group_logistic_lms_spv,1,0,0,0
access_lms_fleet_vehicle_model_brand_cashier,access_lms_fleet_vehicle_model_brand_cashier,fleet.model_fleet_vehicle_model_brand,jst_lms_group.group_logistic_lms_cashier,1,0,0,0
access_lms_fleet_vehicle_model_brand_kacab,access_lms_fleet_vehicle_model_brand_kacab,fleet.model_fleet_vehicle_model_brand,jst_lms_group.group_logistic_lms_kacab,1,0,0,0
access_lms_fleet_vehicle_model_brand_plan_armada,access_lms_fleet_vehicle_model_brand_plan_armada,fleet.model_fleet_vehicle_model_brand,jst_lms_group.group_logistic_lms_plan_armada,1,1,1,1
access_lms_fleet_vehicle_model_brand_revenue_control,access_lms_fleet_vehicle_model_brand_revenue_control,fleet.model_fleet_vehicle_model_brand,jst_lms_group.group_logistic_lms_revenue_control,1,0,0,0
access_lms_fleet_vehicle_model_brand_doc_delivery,access_lms_fleet_vehicle_model_brand_doc_delivery,fleet.model_fleet_vehicle_model_brand,jst_lms_group.group_logistic_lms_doc_delivery,1,0,0,0


access_lms_fleet_vehicle_assignation_log_adh,access_lms_fleet_vehicle_assignation_log_adh,hr_fleet.model_fleet_vehicle_assignation_log,jst_lms_group.group_logistic_lms_adh,1,0,0,0
access_lms_fleet_vehicle_assignation_log_spv,access_lms_fleet_vehicle_assignation_log_spv,hr_fleet.model_fleet_vehicle_assignation_log,jst_lms_group.group_logistic_lms_spv,1,1,1,0
access_lms_fleet_vehicle_assignation_log_cashier,access_lms_fleet_vehicle_assignation_log_cashier,hr_fleet.model_fleet_vehicle_assignation_log,jst_lms_group.group_logistic_lms_cashier,1,0,0,0
access_lms_fleet_vehicle_assignation_log_plan_armada,access_lms_fleet_vehicle_assignation_log_plan_armada,hr_fleet.model_fleet_vehicle_assignation_log,jst_lms_group.group_logistic_lms_plan_armada,1,1,1,1
access_lms_fleet_vehicle_assignation_log_kacab,access_lms_fleet_vehicle_assignation_log_kacab,hr_fleet.model_fleet_vehicle_assignation_log,jst_lms_group.group_logistic_lms_kacab,1,0,0,0
access_lms_fleet_vehicle_assignation_log_doc_delivery,access_lms_fleet_vehicle_assignation_log_doc_delivery,hr_fleet.model_fleet_vehicle_assignation_log,jst_lms_group.group_logistic_lms_doc_delivery,1,0,0,0



access_lms_fleet_vehicle_odometer_adh,access_lms_fleet_vehicle_odometer_adh,hr_fleet.model_fleet_vehicle_odometer,jst_lms_group.group_logistic_lms_adh,1,0,0,0
access_lms_fleet_vehicle_odometer_kacab,access_lms_fleet_vehicle_odometer_kacab,hr_fleet.model_fleet_vehicle_odometer,jst_lms_group.group_logistic_lms_kacab,1,0,0,0
access_lms_fleet_vehicle_odometer_spv,access_lms_fleet_vehicle_odometer_spv,hr_fleet.model_fleet_vehicle_odometer,jst_lms_group.group_logistic_lms_spv,1,1,1,0
access_lms_fleet_vehicle_odometer_cashier,access_lms_fleet_vehicle_odometer_cashier,hr_fleet.model_fleet_vehicle_odometer,jst_lms_group.group_logistic_lms_cashier,1,0,0,0
access_lms_fleet_vehicle_odometer_doc_delivery,access_lms_fleet_vehicle_odometer_doc_delivery,hr_fleet.model_fleet_vehicle_odometer,jst_lms_group.group_logistic_lms_doc_delivery,1,0,0,0
access_lms_fleet_vehicle_odometer_plan_armada,access_lms_fleet_vehicle_odometer_plan_armada,hr_fleet.model_fleet_vehicle_odometer,jst_lms_group.group_logistic_lms_plan_armada,1,1,1,1


access_lms_fleet_vehicle_state_adh,access_lms_fleet_vehicle_state_adh,fleet.model_fleet_vehicle_state,jst_lms_group.group_logistic_lms_adh,1,0,0,0
access_lms_fleet_vehicle_state_cashier,access_lms_fleet_vehicle_state_cashier,fleet.model_fleet_vehicle_state,jst_lms_group.group_logistic_lms_cashier,1,0,0,0
access_lms_fleet_vehicle_state_spv,access_lms_fleet_vehicle_state_spv,fleet.model_fleet_vehicle_state,jst_lms_group.group_logistic_lms_spv,1,1,1,0
access_lms_fleet_vehicle_state_kacab,access_lms_fleet_vehicle_state_kacab,fleet.model_fleet_vehicle_state,jst_lms_group.group_logistic_lms_kacab,1,0,0,0
access_lms_fleet_vehicle_state_plan_armada,access_lms_fleet_vehicle_state_plan_armada,fleet.model_fleet_vehicle_state,jst_lms_group.group_logistic_lms_plan_armada,1,1,1,1
access_lms_fleet_vehicle_state_doc_delivery,access_lms_fleet_vehicle_state_doc_delivery,fleet.model_fleet_vehicle_state,jst_lms_group.group_logistic_lms_doc_delivery,1,0,0,0


access_lms_fleet_vehicle_cost_report_adh,access_lms_fleet_vehicle_cost_report_adh,fleet.model_fleet_vehicle_cost_report,jst_lms_group.group_logistic_lms_adh,1,0,0,0
access_lms_fleet_vehicle_model_adh,access_lms_fleet_vehicle_model_adh,fleet.model_fleet_vehicle_model,jst_lms_group.group_logistic_lms_adh,1,0,0,0
access_lms_fleet_vehicle_dashboard_adh,access_lms_fleet_vehicle_dashboard_adh,jst_demo_kalla_bju_transporter.model_vehicle_dashboard,jst_lms_group.group_logistic_lms_adh,1,0,0,0
access_lms_fleet_vehicle_selection_wizard_adh,access_lms_fleet_vehicle_selection_wizard_adh,jst_demo_kalla_bju_transporter.model_vehicle_selection_wizard,jst_lms_group.group_logistic_lms_adh,1,0,0,0
access_lms_fleet_vehicle_tag_adh,access_lms_fleet_vehicle_tag_adh,fleet.model_fleet_vehicle_tag,jst_lms_group.group_logistic_lms_adh,1,0,0,0
access_lms_fleet_vehicle_status_adh,access_lms_fleet_vehicle_status_adh,jst_demo_kalla_bju_transporter.model_fleet_vehicle_status,jst_lms_group.group_logistic_lms_adh,1,0,0,0
access_lms_fleet_vehicle_status_log_adh,access_lms_fleet_vehicle_status_log_adh,jst_demo_kalla_bju_transporter.model_fleet_vehicle_status_log,jst_lms_group.group_logistic_lms_adh,1,0,0,0
access_lms_fleet_vehicle_target_line_adh,access_lms_fleet_vehicle_target_line_adh,jst_demo_kalla_bju_transporter.model_vehicle_target_line,jst_lms_group.group_logistic_lms_adh,1,0,0,0

access_lms_fleet_last_checkpoint_spv,access_lms_fleet_last_checkpoint_spv,jst_demo_kalla_bju_transporter.model_fleet_last_checkpoint,jst_lms_group.group_logistic_lms_spv,1,1,0,1
access_lms_fleet_last_checkpoint_kacab,access_lms_fleet_last_checkpoint_kacab,jst_demo_kalla_bju_transporter.model_fleet_last_checkpoint,jst_lms_group.group_logistic_lms_kacab,1,0,0,0
access_lms_fleet_last_checkpoint_plan_armada,access_lms_fleet_last_checkpoint_plan_armada,jst_demo_kalla_bju_transporter.model_fleet_last_checkpoint,jst_lms_group.group_logistic_lms_plan_armada,1,1,1,1


access_lms_fleet_bop_adh,access_lms_fleet_bop_adh,jst_demo_kalla_bju_transporter.model_fleet_bop,jst_lms_group.group_logistic_lms_adh,1,1,1,1
access_lms_fleet_bop_kacab,access_lms_fleet_bop_kacab,jst_demo_kalla_bju_transporter.model_fleet_bop,jst_lms_group.group_logistic_lms_kacab,1,0,0,0
access_lms_fleet_bop_cashier,access_lms_fleet_bop_cashier,jst_demo_kalla_bju_transporter.model_fleet_bop,jst_lms_group.group_logistic_lms_cashier,1,0,0,0
access_lms_fleet_bop_plan_armada,access_lms_fleet_bop_plan_armada,jst_demo_kalla_bju_transporter.model_fleet_bop,jst_lms_group.group_logistic_lms_plan_armada,1,0,0,0

access_lms_master_origin_marketing,access_lms_master_origin_marketing,jst_demo_kalla_bju_transporter.model_master_origin,jst_lms_group.group_logistic_lms_marketing,1,0,1,0
access_lms_master_origin_plan_armada,access_lms_master_origin_plan_armada,jst_demo_kalla_bju_transporter.model_master_origin,jst_lms_group.group_logistic_lms_plan_armada,1,1,1,1

access_lms_fleet_geofence_plan_armada,access_lms_fleet_geofence_plan_armada,jst_demo_kalla_bju_transporter.model_fleet_geofence,jst_lms_group.group_logistic_lms_plan_armada,1,1,1,1
access_lms_fleet_geofence_marketing,access_lms_fleet_geofence_marketing,jst_demo_kalla_bju_transporter.model_fleet_geofence,jst_lms_group.group_logistic_lms_marketing,1,0,0,0

access_lms_m_fleet_route_marketing,access_lms_m_fleet_route_marketing,jst_demo_kalla_bju_transporter.model_m_fleet_route,jst_lms_group.group_logistic_lms_marketing,1,1,1,1
access_lms_m_fleet_route_plan_armada,access_lms_m_fleet_route_plan_armada,jst_demo_kalla_bju_transporter.model_m_fleet_route,jst_lms_group.group_logistic_lms_plan_armada,1,1,1,1
access_lms_m_fleet_route_cashier,access_lms_m_fleet_route_cashier,jst_demo_kalla_bju_transporter.model_m_fleet_route,jst_lms_group.group_logistic_lms_cashier,1,0,0,0
access_lms_m_fleet_route_adh,access_lms_m_fleet_route_adh,jst_demo_kalla_bju_transporter.model_m_fleet_route,jst_lms_group.group_logistic_lms_adh,1,0,0,0
access_lms_m_fleet_route_kacab,access_lms_m_fleet_route_kacab,jst_demo_kalla_bju_transporter.model_m_fleet_route,jst_lms_group.group_logistic_lms_kacab,1,0,0,0


access_lms_master_fleet_vehicle_status_plan_armada,access_lms_fleet_vehicle_status_plan_armada,jst_demo_kalla_bju_transporter.model_fleet_vehicle_status,jst_lms_group.group_logistic_lms_plan_armada,1,1,1,1
access_lms_master_fleet_vehicle_status_plan_kacab,access_lms_fleet_vehicle_status_kacab,jst_demo_kalla_bju_transporter.model_fleet_vehicle_status,jst_lms_group.group_logistic_lms_kacab,1,0,0,0


access_lms_fleet_hpp_adh,access_lms_fleet_hpp_adh,jst_demo_kalla_bju_transporter.model_fleet_hpp,jst_lms_group.group_logistic_lms_adh,1,1,1,1
access_lms_fleet_hpp_kacab,access_lms_fleet_hpp_kacab,jst_demo_kalla_bju_transporter.model_fleet_hpp,jst_lms_group.group_logistic_lms_kacab,1,0,0,0
access_lms_fleet_hpp_cashier,access_lms_fleet_hpp_cashier,jst_demo_kalla_bju_transporter.model_fleet_hpp,jst_lms_group.group_logistic_lms_cashier,1,0,0,0
access_lms_fleet_hpp_plan_armada,access_lms_fleet_hpp_plan_armada,jst_demo_kalla_bju_transporter.model_fleet_hpp,jst_lms_group.group_logistic_lms_plan_armada,1,0,0,0


access_lms_hr_employee_plan_armada,access_lms_hr_employee_plan_armada,jst_demo_kalla_bju_transporter.model_hr_employee,jst_lms_group.group_logistic_lms_plan_armada,1,1,1,1
access_lms_hr_employee_svp,access_lms_hr_employee_spv,jst_demo_kalla_bju_transporter.model_hr_employee,jst_lms_group.group_logistic_lms_spv,1,1,0,1
access_lms_hr_employee_adh,access_lms_hr_employee_adh,jst_demo_kalla_bju_transporter.model_hr_employee,jst_lms_group.group_logistic_lms_adh,1,1,0,0
access_lms_hr_employee_kacab,access_lms_hr_employee_kacab,jst_demo_kalla_bju_transporter.model_hr_employee,jst_lms_group.group_logistic_lms_kacab,1,0,0,0


access_lms_hr_violation_plan_armada,access_lms_hr_violation_plan_armada,jst_demo_kalla_bju_transporter.model_hr_violation,jst_lms_group.group_logistic_lms_plan_armada,1,1,1,1
access_lms_hr_violation_spv,access_lms_hr_violation_spv,jst_demo_kalla_bju_transporter.model_hr_violation,jst_lms_group.group_logistic_lms_spv,1,1,0,1
access_lms_hr_violation_adh,access_lms_hr_violation_adh,jst_demo_kalla_bju_transporter.model_hr_violation,jst_lms_group.group_logistic_lms_adh,1,1,0,0
access_lms_hr_violation_kacab,access_lms_hr_violation_kacab,jst_demo_kalla_bju_transporter.model_hr_violation,jst_lms_group.group_logistic_lms_kacab,1,0,0,0


access_lms_disicplinary_line_plan_armada,access_lms_disicplinary_line_plan_armada,jst_demo_kalla_bju_transporter.model_disicplinary_line,jst_lms_group.group_logistic_lms_plan_armada,1,1,1,1
access_lms_disicplinary_line_spv,access_lms_disicplinary_line_spv,jst_demo_kalla_bju_transporter.model_disicplinary_line,jst_lms_group.group_logistic_lms_spv,1,1,0,1
access_lms_disicplinary_line_adh,access_lms_disicplinary_line_adh,jst_demo_kalla_bju_transporter.model_disicplinary_line,jst_lms_group.group_logistic_lms_adh,1,1,0,0
access_lms_disicplinary_line_kacab,access_lms_disicplinary_line_kacab,jst_demo_kalla_bju_transporter.model_disicplinary_line,jst_lms_group.group_logistic_lms_kacab,1,0,0,0



access_lms_hr_insurance_plan_armada,access_lms_hr_insurance_plan_armada,jst_demo_kalla_bju_transporter.model_hr_insurance,jst_lms_group.group_logistic_lms_plan_armada,1,1,1,1
access_lms_hr_insurance_spv,access_lms_hr_insurance_spv,jst_demo_kalla_bju_transporter.model_hr_insurance,jst_lms_group.group_logistic_lms_spv,1,1,0,1
access_lms_hr_insurance_adh,access_lms_hr_insurance_adh,jst_demo_kalla_bju_transporter.model_hr_insurance,jst_lms_group.group_logistic_lms_adh,1,1,0,0
access_lms_hr_insurance_kacab,access_lms_hr_insurance_kacab,jst_demo_kalla_bju_transporter.model_hr_insurance,jst_lms_group.group_logistic_lms_kacab,1,0,0,0


access_lms_hr_insurance_line_plan_armada,access_lms_hr_insurance_line_plan_armada,jst_demo_kalla_bju_transporter.model_insurance_line,jst_lms_group.group_logistic_lms_plan_armada,1,1,1,1
access_lms_hr_insurance_line_spv,access_lms_hr_insurance_line_spv,jst_demo_kalla_bju_transporter.model_insurance_line,jst_lms_group.group_logistic_lms_spv,1,1,0,1
access_lms_hr_insurance_line_adh,access_lms_hr_insurance_line_adh,jst_demo_kalla_bju_transporter.model_insurance_line,jst_lms_group.group_logistic_lms_adh,1,1,0,0
access_lms_hr_insurance_line_kacab,access_lms_hr_insurance_line_kacab,jst_demo_kalla_bju_transporter.model_insurance_line,jst_lms_group.group_logistic_lms_kacab,1,0,0,0

access_lms_employee_child_line_plan_armada,access_lms_employee_child_line_plan_armada,jst_demo_kalla_bju_transporter.model_employee_child_line,jst_lms_group.group_logistic_lms_plan_armada,1,1,1,1
access_lms_employee_child_line_spv,access_lms_employee_child_line_spv,jst_demo_kalla_bju_transporter.model_employee_child_line,jst_lms_group.group_logistic_lms_spv,1,1,0,1
access_lms_employee_child_line_adh,access_lms_employee_child_line_adh,jst_demo_kalla_bju_transporter.model_employee_child_line,jst_lms_group.group_logistic_lms_adh,1,1,0,0
access_lms_employee_child_line_kacab,access_lms_employee_child_line_kacab,jst_demo_kalla_bju_transporter.model_employee_child_line,jst_lms_group.group_logistic_lms_kacab,1,0,0,0



access_lms_skill_log_plan_armada,access_lms_skill_log_line_plan_armada,hr_skills.model_hr_employee_skill_log,jst_lms_group.group_logistic_lms_plan_armada,1,1,1,1
access_lms_skill_log_spv,access_lms_skill_log_spv,hr_skills.model_hr_employee_skill_log,jst_lms_group.group_logistic_lms_spv,1,1,0,1
access_lms_skill_log_adh,access_lms_skill_log_adh,hr_skills.model_hr_employee_skill_log,jst_lms_group.group_logistic_lms_adh,1,1,0,0
access_lms_skill_log_kacab,access_lms_skill_log_kacab,hr_skills.model_hr_employee_skill_log,jst_lms_group.group_logistic_lms_kacab,1,0,0,0


access_lms_hr_employee_base_plan_armada,access_lms_hr_employee_base_plan_armada,hr_expense.model_hr_employee_base,jst_lms_group.group_logistic_lms_plan_armada,1,1,1,1
access_lms_hr_employee_base_log_spv,access_lms_hr_employee_base_spv,hr_expense.model_hr_employee_base,jst_lms_group.group_logistic_lms_spv,1,1,0,1
access_lms_hr_employee_base_adh,access_lms_hr_employee_base_adh,hr_expense.model_hr_employee_base,jst_lms_group.group_logistic_lms_adh,1,1,0,0
access_lms_hr_employee_base_kacab,access_lms_hr_employee_base_kacab,hr_expense.model_hr_employee_base,jst_lms_group.group_logistic_lms_kacab,1,0,0,0



access_lms_ir_attachment_plan_armada,access_lms_ir_attachment_plan_armada,attachment_indexation.model_ir_attachment,jst_lms_group.group_logistic_lms_plan_armada,1,1,1,1
access_lms_ir_attachment_log_spv,access_lms_ir_attachment_spv,attachment_indexation.model_ir_attachment,jst_lms_group.group_logistic_lms_spv,1,1,0,1
access_lms_ir_attachment_adh,access_lms_ir_attachment_adh,attachment_indexation.model_ir_attachment,jst_lms_group.group_logistic_lms_adh,1,1,0,0
access_lms_ir_attachment_kacab,access_lms_ir_attachment_kacab,attachment_indexation.model_ir_attachment,jst_lms_group.group_logistic_lms_kacab,1,0,0,0


access_lms_hr_employee_category_plan_armada,access_lms_hr_employee_category_plan_adrmada,hr.model_hr_employee_category,jst_lms_group.group_logistic_lms_plan_armada,1,1,1,1
access_lms_hr_employee_category_spv,access_lms_hr_employee_category_spv,hr.model_hr_employee_category,jst_lms_group.group_logistic_lms_spv,1,1,0,1
access_lms_hr_employee_category_adh,access_lms_hr_employee_category_adh,hr.model_hr_employee_category,jst_lms_group.group_logistic_lms_adh,1,1,0,0
access_lms_hr_employee_category_kacab,access_lms_hr_employee_category_kacab,hr.model_hr_employee_category,jst_lms_group.group_logistic_lms_kacab,1,0,0,0


access_lms_mail_activity_plan_plan_armada,access_lms_mail_activity_plan_plan_armada,hr.model_mail_activity_plan,jst_lms_group.group_logistic_lms_plan_armada,1,1,1,1
access_lms_mail_activity_plan_spv,access_lms_mail_activity_plan_spv,hr.model_mail_activity_plan,jst_lms_group.group_logistic_lms_spv,1,1,0,1
access_lms_mail_activity_plan_adh,access_lms_mail_activity_plan_adh,hr.model_mail_activity_plan,jst_lms_group.group_logistic_lms_adh,1,1,0,0
access_lms_mail_activity_plan_kacab,access_lms_mail_activity_plan_kacab,hr.model_mail_activity_plan,jst_lms_group.group_logistic_lms_kacab,1,0,0,0


access_lms_mail_activity_plan_template_plan_armada,access_lms_mail_activity_plan_template_plan_armada,hr_fleet.model_mail_activity_plan_template,jst_lms_group.group_logistic_lms_plan_armada,1,1,1,1
access_lms_mail_activity_plan_template_spv,access_lms_mail_activity_plan_template_spv,hr_fleet.model_mail_activity_plan_template,jst_lms_group.group_logistic_lms_spv,1,1,0,1
access_lms_mail_activity_plan_template_adh,access_lms_mail_activity_plan_template_adh,hr_fleet.model_mail_activity_plan_template,jst_lms_group.group_logistic_lms_adh,1,1,0,0
access_lms_mail_activity_plan_template_kacab,access_lms_mail_activity_plan_template_kacab,hr_fleet.model_mail_activity_plan_template,jst_lms_group.group_logistic_lms_kacab,1,0,0,0


access_lms_report_hr_skills_report_employee_cv_plan_armada,access_lms_report_hr_skills_report_employee_cv_plan_armada,hr_skills.model_report_hr_skills_report_employee_cv,jst_lms_group.group_logistic_lms_plan_armada,1,1,1,1
access_lms_report_hr_skills_report_employee_cv_spv,access_lms_report_hr_skills_report_employee_cv_spv,hr_skills.model_report_hr_skills_report_employee_cv,jst_lms_group.group_logistic_lms_spv,1,1,0,1
access_lms_report_hr_skills_report_employee_cv_adh,access_lms_report_hr_skills_report_employee_cv_adh,hr_skills.model_report_hr_skills_report_employee_cv,jst_lms_group.group_logistic_lms_adh,1,1,0,0
access_lms_report_hr_skills_report_employee_cv_kacab,access_lms_report_hr_skills_report_employee_cv_kacab,hr_skills.model_report_hr_skills_report_employee_cv,jst_lms_group.group_logistic_lms_kacab,1,0,0,0


access_lms_hr_employee_skill_report_plan_armada,access_hr_employee_skill_report_plan_armada,hr_skills.model_hr_employee_skill_report,jst_lms_group.group_logistic_lms_plan_armada,1,1,1,1
access_lms_hr_employee_skill_report_spv,access_lms_hr_employee_skill_report_spv,hr_skills.model_hr_employee_skill_report,jst_lms_group.group_logistic_lms_spv,1,1,0,1
access_lms_hr_employee_skill_report_adh,access_lms_hr_employee_skill_report_adh,hr_skills.model_hr_employee_skill_report,jst_lms_group.group_logistic_lms_adh,1,1,0,0
access_lms_hr_employee_skill_report_kacab,access_lms_hr_employee_skill_report_kacab,hr_skills.model_hr_employee_skill_report,jst_lms_group.group_logistic_lms_kacab,1,0,0,0


access_lms_hr_work_location_plan_armada,access_lms_hr_work_location_plan_armada,hr.model_hr_work_location,jst_lms_group.group_logistic_lms_plan_armada,1,1,1,1
access_lms_hr_work_location_spv,access_lms_hr_work_location_spv,hr.model_hr_work_location,jst_lms_group.group_logistic_lms_spv,1,1,0,1
access_lms_hr_work_location_adh,access_lms_hr_work_location_adh,hr.model_hr_work_location,jst_lms_group.group_logistic_lms_adh,1,1,0,0
access_lms_hr_work_location_kacab,access_lms_hr_work_location_kacab,hr.model_hr_work_location,jst_lms_group.group_logistic_lms_kacab,1,0,0,0


access_lms_jst_accounting_rekap_invoice_plan_armada,access_lms_jst_accounting_rekap_invoice_plan_armada,jst_accounting_rekap_invoice.model_rekap_invoice,jst_lms_group.group_logistic_lms_plan_armada,1,0,0,0
access_lms_jst_accounting_rekap_invoice_spv,access_lms_jst_accounting_rekap_invoice_spv,jst_accounting_rekap_invoice.model_rekap_invoice,jst_lms_group.group_logistic_lms_spv,1,0,0,0
access_lms_jst_accounting_rekap_invoice_adh,access_lms_jst_accounting_rekap_invoice_adh,jst_accounting_rekap_invoice.model_rekap_invoice,jst_lms_group.group_logistic_lms_adh,1,0,0,0
access_lms_jst_accounting_rekap_invoice_kacab,access_lms_jst_accounting_rekap_invoice_kacab,jst_accounting_rekap_invoice.model_rekap_invoice,jst_lms_group.group_logistic_lms_kacab,1,0,0,0

access_lms_jst_accounting_rekap_invoice_stage_plan_armada,access_lms_jst_accounting_rekap_invoice_stage_plan_armada,jst_accounting_rekap_invoice.model_rekap_invoice_stage,jst_lms_group.group_logistic_lms_plan_armada,1,0,0,0
access_lms_jst_accounting_rekap_invoice_stage_spv,access_lms_jst_accounting_rekap_invoice_stage_spv,jst_accounting_rekap_invoice.model_rekap_invoice_stage,jst_lms_group.group_logistic_lms_spv,1,0,0,0
access_lms_jst_accounting_rekap_invoice_stage_adh,access_lms_jst_accounting_rekap_invoice_stage_adh,jst_accounting_rekap_invoice.model_rekap_invoice_stage,jst_lms_group.group_logistic_lms_adh,1,0,0,0
access_lms_jst_accounting_rekap_invoice_stage_kacab,access_lms_jst_accounting_rekap_invoice_stage_kacab,jst_accounting_rekap_invoice.model_rekap_invoice_stage,jst_lms_group.group_logistic_lms_kacab,1,0,0,0

access_lms_jst_account_move_reversal_plan_armada,access_lms_jst_account_move_reversal_plan_armada,jst_accounting_rekap_invoice.model_account_move_reversal,jst_lms_group.group_logistic_lms_plan_armada,1,0,0,0
access_lms_jst_account_move_reversal_spv,access_lms_jst_account_move_reversal_spv,jst_accounting_rekap_invoice.model_account_move_reversal,jst_lms_group.group_logistic_lms_spv,1,0,0,0
access_lms_jst_account_move_reversal_adh,access_lms_jst_account_move_reversal_adh,jst_accounting_rekap_invoice.model_account_move_reversal,jst_lms_group.group_logistic_lms_adh,1,0,0,0
access_lms_jst_account_move_reversal_kacab,access_lms_jst_account_move_reversal_kacab,jst_accounting_rekap_invoice.model_account_move_reversal,jst_lms_group.group_logistic_lms_kacab,1,0,0,0


access_lms_account_move_plan_armada,access_lms_account_move_plan_armada,jst_custom_journal_items.model_account_move,jst_lms_group.group_logistic_lms_plan_armada,1,0,0,0
access_lms_account_move_spv,access_lms_account_move_spv,jst_custom_journal_items.model_account_move,jst_lms_group.group_logistic_lms_spv,1,0,0,0
access_lms_account_move_adh,access_lms_account_move_adh,jst_custom_journal_items.model_account_move,jst_lms_group.group_logistic_lms_adh,1,0,0,0
access_lms_account_move_kacab,access_lms_account_move_kacab,jst_custom_journal_items.model_account_move,jst_lms_group.group_logistic_lms_kacab,1,0,0,0
